{"cameraMode":{"drawMode":0,"name":"Shaded","section":"Shading Mode"},"sceneLighting":false,"audioPlay":false,"sceneViewState":{"m_AlwaysRefresh":false,"showFog":true,"showSkybox":false,"showFlares":true,"showImageEffects":true,"showParticleSystems":true,"showVisualEffectGraphs":true,"m_FxEnabled":true},"in2DMode":false,"pivot":{"x":469.9298400878906,"y":224.54229736328126,"z":-10.6854248046875},"rotation":{"x":-0.013492893427610398,"y":0.0314919538795948,"z":0.00042517148540355265,"w":0.9994129538536072},"size":249.84808349609376,"orthographic":true}