{"cameraMode":{"drawMode":0,"name":"Shaded","section":"Shading Mode"},"sceneLighting":false,"audioPlay":false,"sceneViewState":{"m_AlwaysRefresh":false,"showFog":true,"showSkybox":false,"showFlares":true,"showImageEffects":true,"showParticleSystems":true,"showVisualEffectGraphs":true,"m_FxEnabled":true},"in2DMode":false,"pivot":{"x":550.1138305664063,"y":151.4984130859375,"z":27.076873779296876},"rotation":{"x":0.04046887904405594,"y":-0.031468987464904788,"z":0.0012751995818689466,"w":0.9986848831176758},"size":440.0393371582031,"orthographic":true}