{"cameraMode":{"drawMode":0,"name":"Shaded","section":"Shading Mode"},"sceneLighting":false,"audioPlay":false,"sceneViewState":{"m_AlwaysRefresh":false,"showFog":true,"showSkybox":false,"showFlares":true,"showImageEffects":true,"showParticleSystems":true,"showVisualEffectGraphs":true,"m_FxEnabled":true},"in2DMode":false,"pivot":{"x":443.9454040527344,"y":298.6907653808594,"z":2.80120849609375},"rotation":{"x":0.12863336503505708,"y":-0.011899721808731556,"z":0.0015436391113325954,"w":0.9916201233863831},"size":138.46438598632813,"orthographic":false}