{"cameraMode":{"drawMode":0,"name":"Shaded","section":"Shading Mode"},"sceneLighting":false,"audioPlay":false,"sceneViewState":{"m_AlwaysRefresh":false,"showFog":true,"showSkybox":false,"showFlares":true,"showImageEffects":true,"showParticleSystems":true,"showVisualEffectGraphs":true,"m_FxEnabled":true},"in2DMode":false,"pivot":{"x":483.87115478515627,"y":249.0435791015625,"z":59.61285400390625},"rotation":{"x":0.07792004197835922,"y":-0.005982925184071064,"z":0.0004665516607929021,"w":0.9969473481178284},"size":341.8684997558594,"orthographic":false}