{"cameraMode":{"drawMode":0,"name":"Shaded","section":"Shading Mode"},"sceneLighting":false,"audioPlay":false,"sceneViewState":{"m_AlwaysRefresh":false,"showFog":true,"showSkybox":false,"showFlares":true,"showImageEffects":true,"showParticleSystems":true,"showVisualEffectGraphs":true,"m_FxEnabled":false},"in2DMode":false,"pivot":{"x":965.9824829101563,"y":811.5678100585938,"z":98.20596313476563},"rotation":{"x":0.035390593111515048,"y":-0.0029981136322021486,"z":0.00010664414730854332,"w":0.999370276927948},"size":986.9471435546875,"orthographic":false}