{"cameraMode":{"drawMode":0,"name":"Shaded","section":"Shading Mode"},"sceneLighting":false,"audioPlay":false,"sceneViewState":{"m_AlwaysRefresh":false,"showFog":true,"showSkybox":false,"showFlares":true,"showImageEffects":true,"showParticleSystems":true,"showVisualEffectGraphs":true,"m_FxEnabled":true},"in2DMode":false,"pivot":{"x":668.586181640625,"y":2.1827778816223146,"z":552.6726684570313},"rotation":{"x":0.14789505302906037,"y":-0.028182312846183778,"z":0.004216113593429327,"w":0.9885933995246887},"size":17.331132888793947,"orthographic":false}