{"cameraMode":{"drawMode":0,"name":"Shaded","section":"Shading Mode"},"sceneLighting":false,"audioPlay":false,"sceneViewState":{"m_AlwaysRefresh":false,"showFog":true,"showSkybox":false,"showFlares":true,"showImageEffects":true,"showParticleSystems":true,"showVisualEffectGraphs":true,"m_FxEnabled":true},"in2DMode":false,"pivot":{"x":628.0270385742188,"y":376.64593505859377,"z":-6.017791748046875},"rotation":{"x":0.12863336503505708,"y":-0.011899721808731556,"z":0.0015436391113325954,"w":0.9916201233863831},"size":152.10118103027345,"orthographic":false}