{"cameraMode":{"drawMode":0,"name":"Shaded","section":"Shading Mode"},"sceneLighting":false,"audioPlay":false,"sceneViewState":{"m_AlwaysRefresh":false,"showFog":true,"showSkybox":false,"showFlares":true,"showImageEffects":true,"showParticleSystems":true,"showVisualEffectGraphs":true,"m_FxEnabled":true},"in2DMode":false,"pivot":{"x":480.3911437988281,"y":212.9176025390625,"z":524.64404296875},"rotation":{"x":0.0014999726554378868,"y":0.005999961402267218,"z":-0.000009000172212836333,"w":0.9999810457229614},"size":272.6144104003906,"orthographic":true}