{"cameraMode":{"drawMode":0,"name":"Shaded","section":"Shading Mode"},"sceneLighting":false,"audioPlay":false,"sceneViewState":{"m_AlwaysRefresh":false,"showFog":true,"showSkybox":false,"showFlares":true,"showImageEffects":true,"showParticleSystems":true,"showVisualEffectGraphs":true,"m_FxEnabled":true},"in2DMode":false,"pivot":{"x":472.7239685058594,"y":232.6479949951172,"z":53.1903076171875},"rotation":{"x":0.07343301177024842,"y":0.005983200389891863,"z":-0.00044073924073018134,"w":0.9972849488258362},"size":283.2121887207031,"orthographic":false}